{
    "confidence_score": 0.4276157021522522,
    "ptm": 0.3392985463142395,
    "iptm": 0.0,
    "ligand_iptm": 0.0,
    "protein_iptm": 0.0,
    "complex_plddt": 0.44969499111175537,
    "complex_iplddt": 0.44969499111175537,
    "complex_pde": 2.5748043060302734,
    "complex_ipde": 0.0,
    "chains_ptm": {
        "0": 0.3392985463142395
    },
    "pair_chains_iptm": {
        "0": {
            "0": 0.3392985463142395
        }
    }
}